Distraction,Distraction,,Distance,Decision making
Speed control,Distraction,,Response time,
Distraction,Distraction,,Distraction,
Lane position,Speed control,,Distraction,
Distraction,Distraction,,Lane position,
Decision making,Lane position,,Distraction,
Response time,Distraction,,,
Distraction,Lane position,,,
Distance,Distraction,,,
Speed control,Distance,,,
Distraction,Response time,,,
Lane position,Response time,,,
Response time,Distraction,,,
Distraction,Decision making,,,
Lane position,Lane position,,,
Distraction,Speed control,,,
Distraction,,,,
Distraction,,,,
Distraction,,,,
Distraction,,,,
Decision making,,,,
Distraction,,,,
